id,role,probe_signal_nits,probe_area_fraction,background_signal_nits,background_bright_fraction
0,reference_before,50,0.01,0,0
1,measurement,50,0.01,100,0.1
2,reference_after,50,0.01,0,0
3,reference_before,50,0.01,0,0
4,measurement,50,0.01,100,0.5
5,reference_after,50,0.01,0,0
6,reference_before,50,0.01,0,0
7,measurement,50,0.01,100,1.0
8,reference_after,50,0.01,0,0
9,reference_before,50,0.01,0,0
10,measurement,50,0.01,400,0.1
11,reference_after,50,0.01,0,0
12,reference_before,50,0.01,0,0
13,measurement,50,0.01,400,0.5
14,reference_after,50,0.01,0,0
15,reference_before,50,0.01,0,0
16,measurement,50,0.01,400,1.0
17,reference_after,50,0.01,0,0
18,reference_before,50,0.01,0,0
19,measurement,50,0.01,1000,0.1
20,reference_after,50,0.01,0,0
21,reference_before,50,0.01,0,0
22,measurement,50,0.01,1000,0.5
23,reference_after,50,0.01,0,0
24,reference_before,50,0.01,0,0
25,measurement,50,0.01,1000,1.0
26,reference_after,50,0.01,0,0
27,reference_before,100,0.01,0,0
28,measurement,100,0.01,100,0.1
29,reference_after,100,0.01,0,0
30,reference_before,100,0.01,0,0
31,measurement,100,0.01,100,0.5
32,reference_after,100,0.01,0,0
33,reference_before,100,0.01,0,0
34,measurement,100,0.01,100,1.0
35,reference_after,100,0.01,0,0
36,reference_before,100,0.01,0,0
37,measurement,100,0.01,400,0.1
38,reference_after,100,0.01,0,0
39,reference_before,100,0.01,0,0
40,measurement,100,0.01,400,0.5
41,reference_after,100,0.01,0,0
42,reference_before,100,0.01,0,0
43,measurement,100,0.01,400,1.0
44,reference_after,100,0.01,0,0
45,reference_before,100,0.01,0,0
46,measurement,100,0.01,1000,0.1
47,reference_after,100,0.01,0,0
48,reference_before,100,0.01,0,0
49,measurement,100,0.01,1000,0.5
50,reference_after,100,0.01,0,0
51,reference_before,100,0.01,0,0
52,measurement,100,0.01,1000,1.0
53,reference_after,100,0.01,0,0
54,reference_before,200,0.01,0,0
55,measurement,200,0.01,100,0.1
56,reference_after,200,0.01,0,0
57,reference_before,200,0.01,0,0
58,measurement,200,0.01,100,0.5
59,reference_after,200,0.01,0,0
60,reference_before,200,0.01,0,0
61,measurement,200,0.01,100,1.0
62,reference_after,200,0.01,0,0
63,reference_before,200,0.01,0,0
64,measurement,200,0.01,400,0.1
65,reference_after,200,0.01,0,0
66,reference_before,200,0.01,0,0
67,measurement,200,0.01,400,0.5
68,reference_after,200,0.01,0,0
69,reference_before,200,0.01,0,0
70,measurement,200,0.01,400,1.0
71,reference_after,200,0.01,0,0
72,reference_before,200,0.01,0,0
73,measurement,200,0.01,1000,0.1
74,reference_after,200,0.01,0,0
75,reference_before,200,0.01,0,0
76,measurement,200,0.01,1000,0.5
77,reference_after,200,0.01,0,0
78,reference_before,200,0.01,0,0
79,measurement,200,0.01,1000,1.0
80,reference_after,200,0.01,0,0
